"Tempo_total","Tempo_medio","tempo_median","Sd_tempo"
4.47495950460434,0.745826584100723,0.744441121816635,0.0725199944034507
