"Tempo_total","Tempo_medio","tempo_median","Sd_tempo"
574.703167728583,143.675791932146,143.593495929241,0.76504163042563
