"Tempo_total","Tempo_medio","tempo_median","Sd_tempo"
1.26839337501261,0.042279779167087,0.0417421724730068,0.00494168971556032
