"Tempo_total","Tempo_medio","tempo_median","Sd_tempo"
0.962950853506724,0.0320983617835575,0.0314953843752543,0.00186520903335874
