"Tempo_total","Tempo_medio","tempo_median","Sd_tempo"
12.3777714649836,0.412592382166121,0.407838569084803,0.0113326401214228
