"Tempo_total","Tempo_medio","tempo_median","Sd_tempo"
69.0322186628977,6.90322186628977,6.88054884672165,0.0852343303326054
