"Tempo_total","Tempo_medio","tempo_median","Sd_tempo"
1.45199639797211,0.0483998799324036,0.0481098870436351,0.000953607057828795
