"Tempo_total","Tempo_medio","tempo_median","Sd_tempo"
28.272522910436,0.942417430347867,0.745925869544347,0.625852332954909
