"Tempo_total","Tempo_medio","tempo_median","Sd_tempo"
0.715519201755524,0.0238506400585175,0.0236132343610128,0.000989451565418197
