"Specificity","Sensitivity","Accuracy"
1,0.5,0.65
0.833333333333333,0.785714285714286,0.8
1,0.428571428571429,0.6
1,0.928571428571429,0.95
1,0.928571428571429,0.95
1,1,1
0.666666666666667,1,0.9
1,1,1
0.833333333333333,0.928571428571429,0.9
0.833333333333333,1,0.95
1,1,1
0.833333333333333,1,0.95
0.833333333333333,1,0.95
0.833333333333333,1,0.95
1,1,1
1,1,1
0.833333333333333,1,0.95
1,1,1
1,0.142857142857143,0.4
0.833333333333333,1,0.95
0.833333333333333,1,0.95
0.833333333333333,0.928571428571429,0.9
0.666666666666667,1,0.9
1,1,1
1,1,1
1,1,1
0.833333333333333,1,0.95
1,0.142857142857143,0.4
1,0.0714285714285714,0.35
0.5,1,0.85
