"Tempo_total","Tempo_medio","tempo_median","Sd_tempo"
0.853408765792847,0.0853408765792847,0.085673177242279,0.00175294507442308
