"Specificity","Sensitivity","Accuracy"
1,1,1
1,1,1
1,1,1
1,1,1
0.833333333333333,1,0.95
1,0.928571428571429,0.95
1,0.785714285714286,0.85
1,1,1
0.833333333333333,1,0.95
1,0.857142857142857,0.9
