"Tempo_total","Tempo_medio","tempo_median","Sd_tempo"
14.2685987989108,0.475619959963693,0.355315558115641,0.275241983694698
